member_age,membership_years,books_pred,books_pred_rounded
18,1,13.788196714079366,14
25,3,22.648576079059687,23
40,5,35.25197067049217,35
60,7,50.19474977845725,50
